[
  {
    "RouteNo": "1",
    "RouteName": "R-1",
    "Details": "NA",
    "Remarks": "NA",
    "DataStatus": 1
  },
  {
    "RouteNo": "2",
    "RouteName": "R-2",
    "Details": "NA",
    "Remarks": "NA",
    "DataStatus": 1
  },
  {
    "RouteNo": "3",
    "RouteName": "R-3",
    "Details": "NA",
    "Remarks": "NA",
    "DataStatus": 1
  },
  {
    "RouteNo": "4",
    "RouteName": "R-4",
    "Details": "NA",
    "Remarks": "NA",
    "DataStatus": 1
  },
  {
    "RouteNo": "5",
    "RouteName": "R-5",
    "Details": "NA",
    "Remarks": "NA",
    "DataStatus": 1
  },
  {
    "RouteNo": "6",
    "RouteName": "R-6",
    "Details": "NA",
    "Remarks": "NA",
    "DataStatus": 1
  },
  {
    "RouteNo": "7",
    "RouteName": "R-7",
    "Details": "NA",
    "Remarks": "NA",
    "DataStatus": 1
  },
  {
    "RouteNo": "8",
    "RouteName": "R-8",
    "Details": "NA",
    "Remarks": "NA",
    "DataStatus": 1
  },
  {
    "RouteNo": "9",
    "RouteName": "R-9",
    "Details": "NA",
    "Remarks": "NA",
    "DataStatus": 1
  },
  {
    "RouteNo": "10",
    "RouteName": "R-10",
    "Details": "NA",
    "Remarks": "NA",
    "DataStatus": 1
  },
  {
    "RouteNo": "11",
    "RouteName": "R-11",
    "Details": "NA",
    "Remarks": "NA",
    "DataStatus": 1
  }
]